specs1.jpg, 1
specs2.jpg, 1
specs3.jpg, 1
specs4.jpg, 1
specs5.jpg, 1
specs6.jpg, 1
specs7.jpg, 1
specs8.jpg, 1
specs9.jpg, 1
specs10.jpg, 1
specs11.jpg, 1
specs12.jpg, 1
specs13.jpg, 1
specs14.jpg, 1
specs15.jpg, 1
specs16.jpg, 1
specs17.jpg, 1
specs18.jpg, 1
specs19.jpg, 1
specs20.jpg, 1
specs21.jpg, 1
specs22.jpg, 1
specs23.jpg, 1
specs24.jpg, 1
specs25.jpg, 1
specs26.jpg, 1
specs27.jpg, 1
specs28.jpg, 1
specs29.jpg, 1
specs30.jpg, 1
specs31.jpg, 1
specs32.jpg, 1
specs33.jpg, 1
specs34.jpg, 1
specs35.jpg, 1
specs36.jpg, 1
specs37.jpg, 1
specs38.jpg, 1
specs39.jpg, 1
specs40.jpg, 1
specs41.jpg, 1
specs42.jpg, 1
specs43.jpg, 1
specs44.jpg, 1
specs45.jpg, 1
specs46.jpg, 1
specs47.jpg, 1
specs48.jpg, 1
specs49.jpg, 1
specs50.jpg, 1
specs51.jpg, 1
specs52.jpg, 1
specs53.jpg, 1
specs54.jpg, 1
specs55.jpg, 1
specs56.jpg, 1
specs57.jpg, 1
specs58.jpg, 1
specs59.jpg, 1
specs60.jpg, 1
specs61.jpg, 1
specs62.jpg, 1
specs63.jpg, 1
specs64.jpg, 1
specs65.jpg, 1
specs66.jpg, 1
specs67.jpg, 1
specs68.jpg, 1
specs69.jpg, 1
specs70.jpg, 1
specs71.jpg, 1
specs72.jpg, 1
specs73.jpg, 1
specs74.jpg, 1
specs75.jpg, 1
specs76.jpg, 1
specs77.jpg, 1
specs78.jpg, 1
specs79.jpg, 1
specs80.jpg, 1
specs81.jpg, 1
specs82.jpg, 1
specs83.jpg, 1
specs84.jpg, 1
specs85.jpg, 1
specs86.jpg, 1
specs87.jpg, 1
specs88.jpg, 1
specs89.jpg, 1
specs90.jpg, 1
specs91.jpg, 1
specs92.jpg, 1
specs93.jpg, 1
specs94.jpg, 1
specs95.jpg, 1
specs96.jpg, 1
specs97.jpg, 1
specs98.jpg, 1
specs99.jpg, 1
specs100.jpg, 1
specs101.jpg, 1
specs102.jpg, 1
specs103.jpg, 1
specs104.jpg, 1
specs105.jpg, 1
specs106.jpg, 1
specs107.jpg, 1
specs108.jpg, 1
specs109.jpg, 1
specs110.jpg, 1
specs111.jpg, 1
specs112.jpg, 1
specs113.jpg, 1
specs114.jpg, 1
specs115.jpg, 1
specs116.jpg, 1
specs117.jpg, 1
specs118.jpg, 1
specs119.jpg, 1
specs120.jpg, 1
specs121.jpg, 1
specs122.jpg, 1
specs123.jpg, 1
specs124.jpg, 1
specs125.jpg, 1
specs126.jpg, 1
specs127.jpg, 1
specs128.jpg, 1
specs129.jpg, 1
specs130.jpg, 1
specs131.jpg, 1
specs132.jpg, 1
specs133.jpg, 1
specs134.jpg, 1
specs135.jpg, 1
specs136.jpg, 1
specs137.jpg, 1
specs138.jpg, 1
specs139.jpg, 1
specs140.jpg, 1
specs141.jpg, 1
specs142.jpg, 1
specs143.jpg, 1
specs144.jpg, 1
specs145.jpg, 1
specs146.jpg, 1
specs147.jpg, 1
specs148.jpg, 1
specs149.jpg, 1
specs150.jpg, 1
specs151.jpg, 1
specs152.jpg, 1
specs153.jpg, 1
specs154.jpg, 1
specs155.jpg, 1
specs156.jpg, 1
specs157.jpg, 1
specs158.jpg, 1
specs159.jpg, 1
specs160.jpg, 1
specs161.jpg, 1
specs162.jpg, 1
specs163.jpg, 1
specs164.jpg, 1
specs165.jpg, 1
specs166.jpg, 1
specs167.jpg, 1
specs168.jpg, 1
specs169.jpg, 1
specs170.jpg, 1
specs171.jpg, 1
specs172.jpg, 1
specs173.jpg, 1
specs174.jpg, 1
specs175.jpg, 1
specs176.jpg, 1
specs177.jpg, 1
specs178.jpg, 1
specs179.jpg, 1
specs180.jpg, 1
specs181.jpg, 1
specs182.jpg, 1
specs183.jpg, 1
specs184.jpg, 1
specs185.jpg, 1
specs186.jpg, 1
specs187.jpg, 1
specs188.jpg, 1
specs189.jpg, 1
specs190.jpg, 1
specs191.jpg, 1
specs192.jpg, 1
specs193.jpg, 1
specs194.jpg, 1
specs195.jpg, 1
specs196.jpg, 1
specs197.jpg, 1
specs198.jpg, 1
specs199.jpg, 1
specs200.jpg, 1
specs201.jpg, 1
specs202.jpg, 1
specs203.jpg, 1
specs204.jpg, 1
specs205.jpg, 1
specs206.jpg, 1
specs207.jpg, 1
specs208.jpg, 1
specs209.jpg, 1
specs210.jpg, 1
specs211.jpg, 1
specs212.jpg, 1
specs213.jpg, 1
specs214.jpg, 1
specs215.jpg, 1
specs216.jpg, 1
specs217.jpg, 1
specs218.jpg, 1
specs219.jpg, 1
specs220.jpg, 1
specs221.jpg, 1
specs222.jpg, 1
specs223.jpg, 1
specs224.jpg, 1
specs225.jpg, 1
specs226.jpg, 1
specs227.jpg, 1
specs228.jpg, 1
specs229.jpg, 1
specs230.jpg, 1
specs231.jpg, 1
specs232.jpg, 1
specs233.jpg, 1
specs234.jpg, 1
specs235.jpg, 1
specs236.jpg, 1
specs237.jpg, 1
specs238.jpg, 1
specs239.jpg, 1
specs240.jpg, 1
specs241.jpg, 1
specs242.jpg, 1
specs243.jpg, 1
specs244.jpg, 1
specs245.jpg, 1
specs246.jpg, 1
specs247.jpg, 1
specs248.jpg, 1
specs249.jpg, 1
specs250.jpg, 1
specs251.jpg, 1
specs252.jpg, 1
specs253.jpg, 1
specs254.jpg, 1
specs255.jpg, 1
specs256.jpg, 1
specs257.jpg, 1
specs258.jpg, 1
specs259.jpg, 1
specs260.jpg, 1
specs261.jpg, 1
specs262.jpg, 1
specs263.jpg, 1
specs264.jpg, 1
specs265.jpg, 1
specs266.jpg, 1
specs267.jpg, 1
specs268.jpg, 1
specs269.jpg, 1
specs270.jpg, 1
specs271.jpg, 1
specs272.jpg, 1
specs273.jpg, 1
specs274.jpg, 1
specs275.jpg, 1
specs276.jpg, 1
specs277.jpg, 1
specs278.jpg, 1
specs279.jpg, 1
specs280.jpg, 1
specs281.jpg, 1
specs282.jpg, 1
specs283.jpg, 1
specs284.jpg, 1
specs285.jpg, 1
specs286.jpg, 1
specs287.jpg, 1
specs288.jpg, 1
specs289.jpg, 1
specs290.jpg, 1
specs291.jpg, 1
specs292.jpg, 1
specs293.jpg, 1
specs294.jpg, 1
specs295.jpg, 1
specs296.jpg, 1
specs297.jpg, 1
specs298.jpg, 1
specs299.jpg, 1
specs300.jpg, 1
specs301.jpg, 1
specs302.jpg, 1
specs303.jpg, 1
specs304.jpg, 1
specs305.jpg, 1
specs306.jpg, 1
specs307.jpg, 1
specs308.jpg, 1
specs309.jpg, 1
specs310.jpg, 1
specs311.jpg, 1
specs312.jpg, 1
specs313.jpg, 1
specs314.jpg, 1
specs315.jpg, 1
specs316.jpg, 1
specs317.jpg, 1
specs318.jpg, 1
specs319.jpg, 1
specs320.jpg, 1
specs321.jpg, 1
specs322.jpg, 1
specs323.jpg, 1
specs324.jpg, 1
specs325.jpg, 1
specs326.jpg, 1
specs327.jpg, 1
specs328.jpg, 1
specs329.jpg, 1
specs330.jpg, 1
specs331.jpg, 1
specs332.jpg, 1
specs333.jpg, 1
specs334.jpg, 1
specs335.jpg, 1
specs336.jpg, 1
specs337.jpg, 1
specs338.jpg, 1
specs339.jpg, 1
specs340.jpg, 1
specs341.jpg, 1
specs342.jpg, 1
specs343.jpg, 1
specs344.jpg, 1
specs345.jpg, 1
specs346.jpg, 1
specs347.jpg, 1
specs348.jpg, 1
specs349.jpg, 1
specs350.jpg, 1
specs351.jpg, 1
specs352.jpg, 1
specs353.jpg, 1
specs354.jpg, 1
specs355.jpg, 1
specs356.jpg, 1
specs357.jpg, 1
specs358.jpg, 1
specs359.jpg, 1
specs360.jpg, 1
specs361.jpg, 1
specs362.jpg, 1
specs363.jpg, 1
specs364.jpg, 1
specs365.jpg, 1
specs366.jpg, 1
specs367.jpg, 1
specs368.jpg, 1
specs369.jpg, 1
specs370.jpg, 1
specs371.jpg, 1
specs372.jpg, 1
specs373.jpg, 1
specs374.jpg, 1
specs375.jpg, 1
specs376.jpg, 1
specs377.jpg, 1
specs378.jpg, 1
specs379.jpg, 1
specs380.jpg, 1
specs381.jpg, 1
specs382.jpg, 1
specs383.jpg, 1
specs384.jpg, 1
specs385.jpg, 1
specs386.jpg, 1
specs387.jpg, 1
specs388.jpg, 1
specs389.jpg, 1
specs390.jpg, 1
specs391.jpg, 1
specs392.jpg, 1
specs393.jpg, 1
specs394.jpg, 1
specs395.jpg, 1
specs396.jpg, 1
specs397.jpg, 1
specs398.jpg, 1
specs399.jpg, 1
specs400.jpg, 1
specs401.jpg, 1
specs402.jpg, 1
specs403.jpg, 1
specs404.jpg, 1
specs405.jpg, 1
specs406.jpg, 1
specs407.jpg, 1
specs408.jpg, 1
specs409.jpg, 1
specs410.jpg, 1
specs411.jpg, 1
specs412.jpg, 1
specs413.jpg, 1
specs414.jpg, 1
specs415.jpg, 1
specs416.jpg, 1
specs417.jpg, 1
specs418.jpg, 1
specs419.jpg, 1
specs420.jpg, 1
specs421.jpg, 1
specs422.jpg, 1
specs423.jpg, 1
specs424.jpg, 1
specs425.jpg, 1
specs426.jpg, 1
specs427.jpg, 1
specs428.jpg, 1
specs429.jpg, 1
specs430.jpg, 1
specs431.jpg, 1
specs432.jpg, 1
specs433.jpg, 1
specs434.jpg, 1
specs435.jpg, 1
specs436.jpg, 1
specs437.jpg, 1
specs438.jpg, 1
specs439.jpg, 1
specs440.jpg, 1
specs441.jpg, 1
specs442.jpg, 1
specs443.jpg, 1
specs444.jpg, 1
specs445.jpg, 1
specs446.jpg, 1
specs447.jpg, 1
specs448.jpg, 1
specs449.jpg, 1
specs450.jpg, 1
specs451.jpg, 1
specs452.jpg, 1
specs453.jpg, 1
specs454.jpg, 1
specs455.jpg, 1
specs456.jpg, 1
specs457.jpg, 1
specs458.jpg, 1
specs459.jpg, 1
specs460.jpg, 1
specs461.jpg, 1
specs462.jpg, 1
specs463.jpg, 1
specs464.jpg, 1
specs465.jpg, 1
specs466.jpg, 1
specs467.jpg, 1
specs468.jpg, 1
specs469.jpg, 1
specs470.jpg, 1
specs471.jpg, 1
specs472.jpg, 1
specs473.jpg, 1
specs474.jpg, 1
specs475.jpg, 1
specs476.jpg, 1
specs477.jpg, 1
specs478.jpg, 1
specs479.jpg, 1
specs480.jpg, 1
specs481.jpg, 1
specs482.jpg, 1
specs483.jpg, 1
specs484.jpg, 1
specs485.jpg, 1
specs486.jpg, 1
specs487.jpg, 1
specs488.jpg, 1
specs489.jpg, 1
specs490.jpg, 1
specs491.jpg, 1
specs492.jpg, 1
specs493.jpg, 1
specs494.jpg, 1
specs495.jpg, 1
specs496.jpg, 1
specs497.jpg, 1
specs498.jpg, 1
specs499.jpg, 1
specs500.jpg, 1
specs501.jpg, 1
specs502.jpg, 1
specs503.jpg, 1
specs504.jpg, 1
specs505.jpg, 1
specs506.jpg, 1
specs507.jpg, 1
specs508.jpg, 1
specs509.jpg, 1
specs510.jpg, 1
specs511.jpg, 1
specs512.jpg, 1
specs513.jpg, 1
specs514.jpg, 1
specs515.jpg, 1
specs516.jpg, 1
specs517.jpg, 1
specs518.jpg, 1
specs519.jpg, 1
specs520.jpg, 1
specs521.jpg, 1
specs522.jpg, 1
specs523.jpg, 1
specs524.jpg, 1
specs525.jpg, 1
specs526.jpg, 1
specs527.jpg, 1
specs528.jpg, 1
specs529.jpg, 1
specs530.jpg, 1
specs531.jpg, 1
specs532.jpg, 1
specs533.jpg, 1
specs534.jpg, 1
specs535.jpg, 1
specs536.jpg, 1
specs537.jpg, 1
specs538.jpg, 1
specs539.jpg, 1
specs540.jpg, 1
specs541.jpg, 1
specs542.jpg, 1
specs543.jpg, 1
specs544.jpg, 1
specs545.jpg, 1
specs546.jpg, 1
specs547.jpg, 1
specs548.jpg, 1
specs549.jpg, 1
specs550.jpg, 1
specs551.jpg, 1
specs552.jpg, 1
specs553.jpg, 1
specs554.jpg, 1
specs555.jpg, 1
specs556.jpg, 1
specs557.jpg, 1
specs558.jpg, 1
specs559.jpg, 1
specs560.jpg, 1
specs561.jpg, 1
specs562.jpg, 1
specs563.jpg, 1
specs564.jpg, 1
specs565.jpg, 1
specs566.jpg, 1
specs567.jpg, 1
specs568.jpg, 1
specs569.jpg, 1
specs570.jpg, 1
specs571.jpg, 1
specs572.jpg, 1
specs573.jpg, 1
specs574.jpg, 1
specs575.jpg, 1
specs576.jpg, 1
specs577.jpg, 1
specs578.jpg, 1
specs579.jpg, 1
specs580.jpg, 1
specs581.jpg, 1
specs582.jpg, 1
specs583.jpg, 1
specs584.jpg, 1
specs585.jpg, 1
specs586.jpg, 1
specs587.jpg, 1
specs588.jpg, 1
specs589.jpg, 1
specs590.jpg, 1
specs591.jpg, 1
specs592.jpg, 1
specs593.jpg, 1
specs594.jpg, 1
specs595.jpg, 1
specs596.jpg, 1
specs597.jpg, 1
specs598.jpg, 1
specs599.jpg, 1
specs600.jpg, 1
specs601.jpg, 1
specs602.jpg, 1
specs603.jpg, 1
specs604.jpg, 1
specs605.jpg, 1
specs606.jpg, 1
specs607.jpg, 1
specs608.jpg, 1
specs609.jpg, 1
specs610.jpg, 1
specs611.jpg, 1
specs612.jpg, 1
specs613.jpg, 1
specs614.jpg, 1
specs615.jpg, 1
specs616.jpg, 1
specs617.jpg, 1
specs618.jpg, 1
specs619.jpg, 1
specs620.jpg, 1
specs621.jpg, 1
specs622.jpg, 1
specs623.jpg, 1
specs624.jpg, 1
specs625.jpg, 1
specs626.jpg, 1
specs627.jpg, 1
specs628.jpg, 1
specs629.jpg, 1
specs630.jpg, 1
specs631.jpg, 1
specs632.jpg, 1
specs633.jpg, 1
specs634.jpg, 1
specs635.jpg, 1
specs636.jpg, 1
specs637.jpg, 1
specs638.jpg, 1
specs639.jpg, 1
specs640.jpg, 1
specs641.jpg, 1
specs642.jpg, 1
specs643.jpg, 1
specs644.jpg, 1
specs645.jpg, 1
specs646.jpg, 1
specs647.jpg, 1
specs648.jpg, 1
specs649.jpg, 1
specs650.jpg, 1
specs651.jpg, 1
specs652.jpg, 1
specs653.jpg, 1
specs654.jpg, 1
specs655.jpg, 1
specs656.jpg, 1
specs657.jpg, 1
specs658.jpg, 1
specs659.jpg, 1
specs660.jpg, 1
specs661.jpg, 1
specs662.jpg, 1
specs663.jpg, 1
specs664.jpg, 1
specs665.jpg, 1
specs666.jpg, 1
specs667.jpg, 1
specs668.jpg, 1
specs669.jpg, 1
specs670.jpg, 1
specs671.jpg, 1
specs672.jpg, 1
specs673.jpg, 1
specs674.jpg, 1
specs675.jpg, 1
specs676.jpg, 1
specs677.jpg, 1
specs678.jpg, 1
specs679.jpg, 1
specs680.jpg, 1
specs681.jpg, 1
specs682.jpg, 1
specs683.jpg, 1
specs684.jpg, 1
specs685.jpg, 1
specs686.jpg, 1
specs687.jpg, 1
specs688.jpg, 1
specs689.jpg, 1
specs690.jpg, 1
specs691.jpg, 1
specs692.jpg, 1
specs693.jpg, 1
specs694.jpg, 1
specs695.jpg, 1
specs696.jpg, 1
specs697.jpg, 1
specs698.jpg, 1
specs699.jpg, 1
specs700.jpg, 1
specs701.jpg, 1
specs702.jpg, 1
specs703.jpg, 1
specs704.jpg, 1
specs705.jpg, 1
specs706.jpg, 1
specs707.jpg, 1
specs708.jpg, 1
specs709.jpg, 1
specs710.jpg, 1
specs711.jpg, 1
specs712.jpg, 1
specs713.jpg, 1
specs714.jpg, 1
specs715.jpg, 1
specs716.jpg, 1
specs717.jpg, 1
specs718.jpg, 1
specs719.jpg, 1
specs720.jpg, 1
specs721.jpg, 1
specs722.jpg, 1
specs723.jpg, 1
specs724.jpg, 1
specs725.jpg, 1
specs726.jpg, 1
specs727.jpg, 1
specs728.jpg, 1
specs729.jpg, 1
specs730.jpg, 1
specs731.jpg, 1
specs732.jpg, 1
specs733.jpg, 1
specs734.jpg, 1
specs735.jpg, 1
specs736.jpg, 1
specs737.jpg, 1
specs738.jpg, 1
specs739.jpg, 1
specs740.jpg, 1
specs741.jpg, 1
specs742.jpg, 1
specs743.jpg, 1
specs744.jpg, 1
specs745.jpg, 1
specs746.jpg, 1
specs747.jpg, 1
specs748.jpg, 1
specs749.jpg, 1
specs750.jpg, 1
specs751.jpg, 1
specs752.jpg, 1
specs753.jpg, 1
specs754.jpg, 1
specs755.jpg, 1
specs756.jpg, 1
specs757.jpg, 1
specs758.jpg, 1
specs759.jpg, 1
specs760.jpg, 1
specs761.jpg, 1
specs762.jpg, 1
specs763.jpg, 1
specs764.jpg, 1
specs765.jpg, 1
specs766.jpg, 1
specs767.jpg, 1
specs768.jpg, 1
specs769.jpg, 1
specs770.jpg, 1
specs771.jpg, 1
specs772.jpg, 1
specs773.jpg, 1
specs774.jpg, 1
specs775.jpg, 1
specs776.jpg, 1
specs777.jpg, 1
specs778.jpg, 1
specs779.jpg, 1
specs780.jpg, 1
specs781.jpg, 1
specs782.jpg, 1
specs783.jpg, 1
specs784.jpg, 1
specs785.jpg, 1
specs786.jpg, 1
specs787.jpg, 1
specs788.jpg, 1
specs789.jpg, 1
specs790.jpg, 1
specs791.jpg, 1
specs792.jpg, 1
specs793.jpg, 1
specs794.jpg, 1
specs795.jpg, 1
specs796.jpg, 1
specs797.jpg, 1
specs798.jpg, 1
specs799.jpg, 1
specs800.jpg, 1
specs801.jpg, 1
specs802.jpg, 1
specs803.jpg, 1
specs804.jpg, 1
specs805.jpg, 1
specs806.jpg, 1
specs807.jpg, 1
specs808.jpg, 1
specs809.jpg, 1
specs810.jpg, 1
specs811.jpg, 1
specs812.jpg, 1
specs813.jpg, 1
specs814.jpg, 1
specs815.jpg, 1
specs816.jpg, 1
specs817.jpg, 1
specs818.jpg, 1
specs819.jpg, 1
specs820.jpg, 1
specs821.jpg, 1
specs822.jpg, 1
specs823.jpg, 1
specs824.jpg, 1
specs825.jpg, 1
specs826.jpg, 1
specs827.jpg, 1
specs828.jpg, 1
specs829.jpg, 1
specs830.jpg, 1
specs831.jpg, 1
specs832.jpg, 1
specs833.jpg, 1
specs834.jpg, 1
specs835.jpg, 1
specs836.jpg, 1
specs837.jpg, 1
specs838.jpg, 1
specs839.jpg, 1
specs840.jpg, 1
specs841.jpg, 1
specs842.jpg, 1
specs843.jpg, 1
specs844.jpg, 1
specs845.jpg, 1
specs846.jpg, 1
specs847.jpg, 1
specs848.jpg, 1
specs849.jpg, 1
specs850.jpg, 1
specs851.jpg, 1
specs852.jpg, 1
specs853.jpg, 1
specs854.jpg, 1
specs855.jpg, 1
specs856.jpg, 1
specs857.jpg, 1
specs858.jpg, 1
specs859.jpg, 1
specs860.jpg, 1
specs861.jpg, 1
specs862.jpg, 1
specs863.jpg, 1
specs864.jpg, 1
specs865.jpg, 1
specs866.jpg, 1
specs867.jpg, 1
specs868.jpg, 1
specs869.jpg, 1
specs870.jpg, 1
specs871.jpg, 1
specs872.jpg, 1
specs873.jpg, 1
specs874.jpg, 1
specs875.jpg, 1
specs876.jpg, 1
specs877.jpg, 1
specs878.jpg, 1
specs879.jpg, 1
specs880.jpg, 1
specs881.jpg, 1
specs882.jpg, 1
specs883.jpg, 1
specs884.jpg, 1
specs885.jpg, 1
specs886.jpg, 1
specs887.jpg, 1
specs888.jpg, 1
specs889.jpg, 1
specs890.jpg, 1
specs891.jpg, 1
specs892.jpg, 1
specs893.jpg, 1
specs894.jpg, 1
specs895.jpg, 1
specs896.jpg, 1
specs897.jpg, 1
specs898.jpg, 1
specs899.jpg, 1
specs900.jpg, 1
specs901.jpg, 1
specs902.jpg, 1
specs903.jpg, 1
specs904.jpg, 1
specs905.jpg, 1
specs906.jpg, 1
specs907.jpg, 1
specs908.jpg, 1
specs909.jpg, 1
specs910.jpg, 1
specs911.jpg, 1
specs912.jpg, 1
specs913.jpg, 1
specs914.jpg, 1
specs915.jpg, 1
specs916.jpg, 1
specs917.jpg, 1
specs918.jpg, 1
specs919.jpg, 1
specs920.jpg, 1
specs921.jpg, 1
specs922.jpg, 1
specs923.jpg, 1
specs924.jpg, 1
specs925.jpg, 1
specs926.jpg, 1
specs927.jpg, 1
specs928.jpg, 1
specs929.jpg, 1
specs930.jpg, 1
specs931.jpg, 1
specs932.jpg, 1
specs933.jpg, 1
specs934.jpg, 1
specs935.jpg, 1
specs936.jpg, 1
specs937.jpg, 1
specs938.jpg, 1
specs939.jpg, 1
specs940.jpg, 1
specs941.jpg, 1
specs942.jpg, 1
specs943.jpg, 1
specs944.jpg, 1
specs945.jpg, 1
specs946.jpg, 1
specs947.jpg, 1
specs948.jpg, 1
specs949.jpg, 1
specs950.jpg, 1
specs951.jpg, 1
specs952.jpg, 1
specs953.jpg, 1
specs954.jpg, 1
specs955.jpg, 1
specs956.jpg, 1
specs957.jpg, 1
specs958.jpg, 1
specs959.jpg, 1
specs960.jpg, 1
specs961.jpg, 1
specs962.jpg, 1
specs963.jpg, 1
specs964.jpg, 1
specs965.jpg, 1
specs966.jpg, 1
specs967.jpg, 1
specs968.jpg, 1
specs969.jpg, 1
specs970.jpg, 1
specs971.jpg, 1
specs972.jpg, 1
specs973.jpg, 1
specs974.jpg, 1
specs975.jpg, 1
specs976.jpg, 1
specs977.jpg, 1
specs978.jpg, 1
specs979.jpg, 1
specs980.jpg, 1
specs981.jpg, 1
specs982.jpg, 1
specs983.jpg, 1
specs984.jpg, 1
specs985.jpg, 1
specs986.jpg, 1
specs987.jpg, 1
specs988.jpg, 1
specs989.jpg, 1
specs990.jpg, 1
specs991.jpg, 1
specs992.jpg, 1
specs993.jpg, 1
specs994.jpg, 1
specs995.jpg, 1
specs996.jpg, 1
specs997.jpg, 1
specs998.jpg, 1
specs999.jpg, 1
specs1000.jpg, 1
